<?xml version='1.0' encoding='utf-8' standalone='yes' ?>
<map>
    <boolean name="didSendRevenueTriggerOnLastBackground" value="true" />
    <string name="afUninstallToken">dj3-u8OXQWqVUUNA6xv8uM:APA91bH976Pfz8o9n8zejXhahPSl1RzucY3gy1DtHCsNH4pajg4z7QnoE5BZYCBgxcXM68qP6ERhwsRa28Z7Xd_ZdI885Z0tppkemVF4w4MHaqfK1Qt-kM8</string>
    <long name="prev_session_dur" value="6" />
    <long name="af_rc_max_age" value="86400" />
    <boolean name="ddl_sent" value="true" />
    <string name="sentSuccessfully">true</string>
    <string name="af_remote_config">eyJmZWF0dXJlcyI6e30sInZlciI6ImRlZmF1bHQudjEuMTYzNzE0OTUyOSJ9</string>
    <boolean name="sentRegisterRequestToAF" value="true" />
    <int name="versionCode" value="75700" />
    <string name="savedProperties">{&quot;uid&quot;:&quot;1761764248020-6572147973876702153&quot;,&quot;waitForCustomerId&quot;:&quot;false&quot;,&quot;logLevel&quot;:&quot;0&quot;,&quot;AppUserId&quot;:&quot;73957628u&quot;}</string>
    <string name="AF_INSTALLATION">1761764248020-6572147973876702153</string>
    <boolean name="afUninstallToken_queued" value="false" />
    <int name="appsFlyerCount" value="5" />
    <long name="af_rc_timestamp" value="1761764248295" />
    <long name="AppsFlyerTimePassedSincePrevLaunch" value="1761764305694" />
    <boolean name="newGPReferrerSent" value="true" />
    <string name="appsFlyerFirstInstall">2025-10-30_002733+0530</string>
    <long name="afUninstallToken_received_time" value="1761764251192" />
    <string name="attributionId">{&quot;install_time&quot;:&quot;2025-10-29 18:57:34.580&quot;,&quot;af_message&quot;:&quot;organic install&quot;,&quot;af_status&quot;:&quot;Organic&quot;,&quot;is_first_launch&quot;:false}</string>
</map>
