<?xml version='1.0' encoding='utf-8' standalone='yes' ?>
<map>
    <long name="prev_session_dur" value="11" />
    <string name="afUninstallToken">dNogGeQ9SrC-y2hY7863SR:APA91bF9BTLcKT--EfXJgpvIaZX6SlXob1q8u10ITBHuBk649eg8MvA3gAiGCBYpuHiN6W00DsOpyUhsHKx1To9OEKDpVdUMjLxHMt5wjBiv4u6cwcbIso4</string>
    <boolean name="ddl_sent" value="true" />
    <int name="versionCode" value="55400" />
    <long name="init_ts" value="1761754127425" />
    <long name="fg_ts" value="1761754127986" />
    <string name="savedProperties">{&quot;uid&quot;:&quot;1761754128232-9092518613340183100&quot;,&quot;waitForCustomerId&quot;:&quot;false&quot;,&quot;logLevel&quot;:&quot;0&quot;,&quot;AppUserId&quot;:&quot;73957628u&quot;,&quot;AppsFlyerKey&quot;:&quot;EKjGhDcpLdrXBRwvFCuJqg&quot;,&quot;advertiserId&quot;:&quot;b422aca6-53c1-41b5-a85a-d9d7ac46895f&quot;,&quot;advertiserIdEnabled&quot;:&quot;true&quot;}</string>
    <string name="AF_INSTALLATION">1761754128232-9092518613340183100</string>
    <boolean name="afUninstallToken_queued" value="false" />
    <int name="appsFlyerCount" value="5" />
    <long name="AppsFlyerTimePassedSincePrevLaunch" value="1761754240719" />
    <boolean name="newGPReferrerSent" value="true" />
    <string name="first_launch">{}</string>
    <string name="appsFlyerFirstInstall">2025-10-29_160848+0000</string>
    <long name="afUninstallToken_received_time" value="1761754131003" />
</map>
