<?xml version='1.0' encoding='utf-8' standalone='yes' ?>
<map>
    <long name="fg_ts" value="1761765969439" />
    <string name="savedProperties">{&quot;uid&quot;:&quot;1761765969672-6932719818735611836&quot;,&quot;waitForCustomerId&quot;:&quot;false&quot;,&quot;logLevel&quot;:&quot;0&quot;,&quot;AppUserId&quot;:&quot;73957628u&quot;,&quot;AppsFlyerKey&quot;:&quot;EKjGhDcpLdrXBRwvFCuJqg&quot;,&quot;advertiserId&quot;:&quot;b422aca6-53c1-41b5-a85a-d9d7ac46895f&quot;,&quot;advertiserIdEnabled&quot;:&quot;true&quot;}</string>
    <string name="AF_INSTALLATION">1761765969672-6932719818735611836</string>
    <int name="appsFlyerCount" value="2" />
    <long name="AppsFlyerTimePassedSincePrevLaunch" value="1761765988801" />
    <boolean name="newGPReferrerSent" value="true" />
    <string name="first_launch">{&quot;init_to_fg&quot;:586,&quot;from_fg&quot;:320,&quot;net&quot;:626}</string>
    <long name="prev_session_dur" value="9" />
    <boolean name="ddl_sent" value="true" />
    <string name="appsFlyerFirstInstall">2025-10-29_192609+0000</string>
    <int name="versionCode" value="55400" />
    <long name="init_ts" value="1761765968853" />
</map>
