<?xml version='1.0' encoding='utf-8' standalone='yes' ?>
<map>
    <long name="prev_session_dur" value="8" />
    <string name="afUninstallToken">eEuEcTebQoiX1t-oTElKfS:APA91bEyVSAt0fTj2STAVoXWWUB3tcX5NC9uYsuiVNeMWmTTIW2Y7FgPbkAtn6ZYReBS9R9TeJV_5hBQ6YNs22xtyJoU_DeBN1-s7RFDNmVZP-X1u0kRbb8</string>
    <boolean name="ddl_sent" value="true" />
    <int name="versionCode" value="55400" />
    <long name="init_ts" value="1761753050757" />
    <long name="fg_ts" value="1761753051701" />
    <string name="savedProperties">{&quot;uid&quot;:&quot;1761753051973-3647576038662731129&quot;,&quot;waitForCustomerId&quot;:&quot;false&quot;,&quot;logLevel&quot;:&quot;0&quot;,&quot;AppUserId&quot;:&quot;73957628u&quot;,&quot;AppsFlyerKey&quot;:&quot;EKjGhDcpLdrXBRwvFCuJqg&quot;,&quot;advertiserId&quot;:&quot;b422aca6-53c1-41b5-a85a-d9d7ac46895f&quot;,&quot;advertiserIdEnabled&quot;:&quot;true&quot;}</string>
    <string name="AF_INSTALLATION">1761753051973-3647576038662731129</string>
    <boolean name="afUninstallToken_queued" value="true" />
    <int name="appsFlyerCount" value="3" />
    <long name="AppsFlyerTimePassedSincePrevLaunch" value="1761753091926" />
    <boolean name="newGPReferrerSent" value="true" />
    <string name="first_launch">{}</string>
    <string name="appsFlyerFirstInstall">2025-10-29_155051+0000</string>
    <long name="afUninstallToken_received_time" value="1761753055060" />
</map>
