<?xml version='1.0' encoding='utf-8' standalone='yes' ?>
<map>
    <long name="prev_session_dur" value="11" />
    <string name="afUninstallToken">dj3-u8OXQWqVUUNA6xv8uM:APA91bGAUQcw7Mec4KHLxDjgYgxyZGZoScHCylGLEmdrVPDTAArH_YECEtmZBQ0_OjIm37zlQrhgDE0AY6lQiOWVLt7esxlbaza0e1vdA0evr2xa9pck01g</string>
    <boolean name="ddl_sent" value="true" />
    <int name="versionCode" value="55400" />
    <long name="init_ts" value="1761764830176" />
    <long name="fg_ts" value="1761764833178" />
    <string name="savedProperties">{&quot;uid&quot;:&quot;1761764833303-2616661092826657043&quot;,&quot;waitForCustomerId&quot;:&quot;false&quot;,&quot;logLevel&quot;:&quot;0&quot;,&quot;AppUserId&quot;:&quot;73957628u&quot;,&quot;AppsFlyerKey&quot;:&quot;EKjGhDcpLdrXBRwvFCuJqg&quot;,&quot;advertiserId&quot;:&quot;b422aca6-53c1-41b5-a85a-d9d7ac46895f&quot;,&quot;advertiserIdEnabled&quot;:&quot;true&quot;}</string>
    <string name="AF_INSTALLATION">1761764833303-2616661092826657043</string>
    <boolean name="afUninstallToken_queued" value="true" />
    <int name="appsFlyerCount" value="4" />
    <long name="AppsFlyerTimePassedSincePrevLaunch" value="1761764889388" />
    <boolean name="newGPReferrerSent" value="true" />
    <string name="first_launch">{&quot;init_to_fg&quot;:3002,&quot;from_fg&quot;:202,&quot;net&quot;:650}</string>
    <string name="appsFlyerFirstInstall">2025-10-29_190713+0000</string>
    <long name="afUninstallToken_received_time" value="1761764881252" />
</map>
