<?xml version='1.0' encoding='utf-8' standalone='yes' ?>
<map>
    <boolean name="didSendRevenueTriggerOnLastBackground" value="true" />
    <string name="afUninstallToken">cykJj3ffTyOXkyY-hXx248:APA91bFY5_c0HPTku48crwiOXYC6nEBsuNRadjUAEaV-P42bYuSV5tvfsrinpyWP_Rr4GWTwuMQ4--2EtN5YGxo3x0h8nEanq_jb1DWB9NxzrBT8np9CKg0</string>
    <long name="prev_session_dur" value="2" />
    <long name="af_rc_max_age" value="86400" />
    <boolean name="ddl_sent" value="true" />
    <string name="sentSuccessfully">true</string>
    <string name="af_remote_config">eyJmZWF0dXJlcyI6e30sInZlciI6ImRlZmF1bHQudjEuMTYzNzE0OTUyOSJ9</string>
    <boolean name="sentRegisterRequestToAF" value="true" />
    <int name="versionCode" value="75700" />
    <string name="savedProperties">{&quot;uid&quot;:&quot;1761503972985-1703184299548732110&quot;,&quot;waitForCustomerId&quot;:&quot;false&quot;,&quot;logLevel&quot;:&quot;0&quot;,&quot;AppUserId&quot;:&quot;73957628u&quot;}</string>
    <string name="AF_INSTALLATION">1761503972985-1703184299548732110</string>
    <boolean name="afUninstallToken_queued" value="false" />
    <int name="appsFlyerCount" value="5" />
    <long name="af_rc_timestamp" value="1761503973244" />
    <long name="AppsFlyerTimePassedSincePrevLaunch" value="1761505637954" />
    <boolean name="newGPReferrerSent" value="true" />
    <string name="appsFlyerFirstInstall">2025-10-27_000938+0530</string>
    <long name="afUninstallToken_received_time" value="1761503976179" />
    <string name="attributionId">{&quot;install_time&quot;:&quot;2025-10-26 18:39:39.176&quot;,&quot;af_message&quot;:&quot;organic install&quot;,&quot;af_status&quot;:&quot;Organic&quot;,&quot;is_first_launch&quot;:false}</string>
</map>
