<?xml version='1.0' encoding='utf-8' standalone='yes' ?>
<map>
    <string name="prev_event_name">media_minutes</string>
    <boolean name="didSendRevenueTriggerOnLastBackground" value="true" />
    <long name="prev_event_timestamp" value="1761837672798" />
    <int name="appsFlyerInAppEventCount" value="1" />
    <string name="afUninstallToken">e2J-i_Y3T1qIfJnbxE13Mz:APA91bHfVtBg83dZykBROr3L01EP6EvIuGUAcNfucaIf1XJLypw6q12YFZ2XD0PihZbYPgy6d5XHakGuYhil-k79RP5wDm3uRBgT2-95OkV46nEDF-6sXkI</string>
    <long name="prev_session_dur" value="12" />
    <boolean name="ddl_sent" value="true" />
    <long name="af_rc_max_age" value="86400" />
    <string name="sentSuccessfully">true</string>
    <int name="versionCode" value="75700" />
    <string name="af_remote_config">eyJmZWF0dXJlcyI6e30sInZlciI6ImRlZmF1bHQudjEuMTYzNzE0OTUyOSJ9</string>
    <boolean name="sentRegisterRequestToAF" value="true" />
    <string name="savedProperties">{&quot;uid&quot;:&quot;1761837467490-6923432819936535061&quot;,&quot;waitForCustomerId&quot;:&quot;false&quot;,&quot;logLevel&quot;:&quot;0&quot;,&quot;AppUserId&quot;:&quot;73957628u&quot;}</string>
    <string name="AF_INSTALLATION">1761837467490-6923432819936535061</string>
    <boolean name="afUninstallToken_queued" value="false" />
    <int name="appsFlyerCount" value="5" />
    <long name="AppsFlyerTimePassedSincePrevLaunch" value="1761837662361" />
    <boolean name="newGPReferrerSent" value="true" />
    <long name="af_rc_timestamp" value="1761837468609" />
    <string name="appsFlyerFirstInstall">2025-10-30_204748+0530</string>
    <long name="afUninstallToken_received_time" value="1761837471971" />
    <string name="attributionId">{&quot;install_time&quot;:&quot;2025-10-30 15:17:48.868&quot;,&quot;af_message&quot;:&quot;organic install&quot;,&quot;af_status&quot;:&quot;Organic&quot;,&quot;is_first_launch&quot;:false}</string>
</map>
