<?xml version='1.0' encoding='utf-8' standalone='yes' ?>
<map>
    <boolean name="didSendRevenueTriggerOnLastBackground" value="true" />
    <string name="afUninstallToken">cWOMLLfqQ4GPLV2MOccUdk:APA91bF-RSkf_2f8OZqnBRJOFKG6F7HbCtirV5QUtye99AZa5Wh4gS6wHuPI6acKt4X3WpRibeqhOysZV6xttWnow3ta9Wj3McmNi4lqB1W0fVXMcFqCtWs</string>
    <long name="prev_session_dur" value="3" />
    <boolean name="ddl_sent" value="true" />
    <long name="af_rc_max_age" value="86400" />
    <string name="sentSuccessfully">true</string>
    <int name="versionCode" value="75700" />
    <boolean name="sentRegisterRequestToAF" value="true" />
    <string name="af_remote_config">eyJmZWF0dXJlcyI6e30sInZlciI6ImRlZmF1bHQudjEuMTYzNzE0OTUyOSJ9</string>
    <string name="savedProperties">{&quot;uid&quot;:&quot;1761506740362-5498881060158353138&quot;,&quot;waitForCustomerId&quot;:&quot;false&quot;,&quot;logLevel&quot;:&quot;0&quot;,&quot;AppUserId&quot;:&quot;73957628u&quot;}</string>
    <string name="AF_INSTALLATION">1761506740362-5498881060158353138</string>
    <boolean name="afUninstallToken_queued" value="false" />
    <int name="appsFlyerCount" value="2" />
    <long name="AppsFlyerTimePassedSincePrevLaunch" value="1761506765163" />
    <boolean name="newGPReferrerSent" value="true" />
    <long name="af_rc_timestamp" value="1761506765365" />
    <string name="appsFlyerFirstInstall">2025-10-27_005541+0530</string>
    <long name="afUninstallToken_received_time" value="1761506757779" />
    <string name="attributionId">{&quot;af_status&quot;:&quot;Organic&quot;,&quot;af_message&quot;:&quot;organic install&quot;,&quot;is_first_launch&quot;:false}</string>
</map>
