<?xml version='1.0' encoding='utf-8' standalone='yes' ?>
<map>
    <boolean name="didSendRevenueTriggerOnLastBackground" value="true" />
    <long name="prev_session_dur" value="7" />
    <string name="afUninstallToken">es1LdEpjl7d4jonpfHvfO-:APA91bHVJFo7XQ3fCfZNxhcwW6TSgTiycp4GlqL7HutVkW-JXvNqntaJIwkJuiEUBhGqBirk5UaY2q01zLZPjwaS0NGUDrOJ1Bz_d_O2Vqdidm5Gu69A6eM</string>
    <boolean name="ddl_sent" value="true" />
    <long name="af_rc_max_age" value="86400" />
    <string name="sentSuccessfully">true</string>
    <int name="versionCode" value="75700" />
    <string name="af_remote_config">eyJmZWF0dXJlcyI6e30sInZlciI6ImRlZmF1bHQudjEuMTYzNzE0OTUyOSJ9</string>
    <boolean name="sentRegisterRequestToAF" value="true" />
    <long name="init_ts" value="1761766274162" />
    <long name="fg_ts" value="1761766274698" />
    <string name="savedProperties">{&quot;uid&quot;:&quot;1761766274842-6178844922482357172&quot;,&quot;waitForCustomerId&quot;:&quot;false&quot;,&quot;logLevel&quot;:&quot;0&quot;,&quot;AppUserId&quot;:&quot;73957628u&quot;}</string>
    <string name="AF_INSTALLATION">1761766274842-6178844922482357172</string>
    <boolean name="afUninstallToken_queued" value="false" />
    <int name="appsFlyerCount" value="7" />
    <long name="AppsFlyerTimePassedSincePrevLaunch" value="1761766429115" />
    <boolean name="newGPReferrerSent" value="true" />
    <long name="af_rc_timestamp" value="1761766414036" />
    <string name="first_launch">{&quot;init_to_fg&quot;:536,&quot;from_fg&quot;:220,&quot;net&quot;:666}</string>
    <string name="appsFlyerFirstInstall">2025-10-29_193114+0000</string>
    <long name="afUninstallToken_received_time" value="1761766417120" />
    <string name="attributionId">{&quot;af_status&quot;:&quot;Organic&quot;,&quot;af_message&quot;:&quot;organic install&quot;,&quot;is_first_launch&quot;:false}</string>
</map>
