<?xml version='1.0' encoding='utf-8' standalone='yes' ?>
<map>
    <string name="bnc_push_identifier">bnc_no_value</string>
    <boolean name="bnc_ad_network_callouts_disabled" value="false" />
    <string name="bnc_google_play_install_referrer_extras">bnc_no_value</string>
    <string name="bnc_initial_referrer">android-app://com.spotify.music</string>
    <boolean name="bnc_is_full_app_conversion" value="false" />
    <string name="bnc_link_click_id">bnc_no_value</string>
    <string name="bnc_external_intent_extra">bnc_no_value</string>
    <long name="bnc_install_begin_ts" value="1754050636" />
    <boolean name="bnc_delayed_session_init_used" value="true" />
    <string name="bnc_randomized_device_token">1504179095142019532</string>
    <long name="bnc_last_known_update_time" value="1759862449681" />
    <string name="bnc_user_url">https://spotify.link/a/key_live_pfaVQo61xda7Zq1zC1ca3igayxarnljw?%24randomized_bundle_token=1504179096022897074</string>
    <string name="bnc_session_params">bnc_no_value</string>
    <long name="bnc_original_install_time" value="1759862449681" />
    <string name="bnc_branch_key">key_live_pfaVQo61xda7Zq1zC1ca3igayxarnljw</string>
    <string name="bnc_identity">0048cf47e04eee35c83fea73ed4b7bd26e3a6eff7af730c256116d</string>
    <string name="bnc_session_id">1504179178008945809</string>
    <string name="bnc_app_store_source">PlayStore</string>
    <string name="bnc_link_click_identifier">bnc_no_value</string>
    <string name="skip_url_format_key">{&quot;version&quot;:2,&quot;uri_skip_list&quot;:[&quot;^fb\\d+:((?!campaign_ids).)*$&quot;,&quot;^li\\d+:&quot;,&quot;^pdk\\d+:&quot;,&quot;^twitterkit-.*:&quot;,&quot;^com\\.googleusercontent\\.apps\\.\\d+-.*:\\\/oauth&quot;,&quot;^(?i).+:.*[?].*\\b(password|o?auth|o?auth.?token|access|access.?token)\\b&quot;]}</string>
    <string name="bnc_anon_id">1cdd4866-f41d-4af7-8052-e168f7f01549</string>
    <long name="bnc_install_begin_server_ts" value="1754050637" />
    <string name="bnc_app_link">bnc_no_value</string>
    <string name="bnc_randomly_generated_uuid">71012bf9-dc6a-4006-bd8b-b7eaed7784fa</string>
    <string name="bnc_referringUrlQueryParameters">bnc_no_value</string>
    <string name="bnc_branch_key_source">init_function</string>
    <string name="bnc_app_version">9.0.80.86</string>
    <string name="bnc_google_search_install_identifier">bnc_no_value</string>
    <string name="bnc_randomized_bundle_token">1504179096022897074</string>
    <long name="bnc_previous_update_time" value="1759862449681" />
    <string name="bnc_install_referrer">bnc_no_value</string>
</map>
