<?xml version='1.0' encoding='utf-8' standalone='yes' ?>
<map>
    <long name="first_open_time" value="1760141333094" />
    <string name="gmp_app_id">1:494597445014:android:779d79f75183bf65</string>
    <string name="app_instance_id">d92b9cd9f89174c2f442afa61196ed8f</string>
    <boolean name="has_been_opened" value="true" />
    <boolean name="app_backgrounded" value="true" />
    <boolean name="allow_remote_dynamite" value="true" />
    <long name="health_monitor:start" value="1760141367001" />
    <boolean name="use_service" value="true" />
    <boolean name="start_new_session" value="true" />
</map>
