<?xml version='1.0' encoding='utf-8' standalone='yes' ?>
<map>
    <string name="stored_tcf_param">Version=2;VendorConsent=0;VendorLegitimateInterest=0;gdprApplies=0;EnableAdvertiserConsentMode=1;PolicyVersion=5;PurposeOneTreatment=0;Purpose1=00;Purpose3=00;Purpose4=00;Purpose7=00;CmpSdkID=6;PublisherCC=IN;PublisherRestrictions1=3;PublisherRestrictions3=3;PublisherRestrictions4=3;PublisherRestrictions7=3;AuthorizePurpose1=0;AuthorizePurpose3=0;AuthorizePurpose4=0;AuthorizePurpose7=0;PurposeDiagnostics=22222</string>
    <long name="first_open_time" value="1761503972840" />
    <string name="gmp_app_id">1:1068643720791:android:0a0d3b08ec1585c6</string>
    <string name="app_instance_id">7741282b0c9df018b7e8005e2dd27d96</string>
    <long name="session_id" value="1761503973" />
    <boolean name="app_backgrounded" value="true" />
    <long name="health_monitor:start" value="1761503973140" />
    <boolean name="use_service" value="true" />
    <boolean name="deferred_analytics_collection" value="false" />
    <string name="previous_os_version">15</string>
    <boolean name="has_been_opened" value="true" />
    <boolean name="allow_remote_dynamite" value="true" />
    <long name="last_pause_time" value="1761504055983" />
    <boolean name="start_new_session" value="false" />
</map>
