<?xml version='1.0' encoding='utf-8' standalone='yes' ?>
<map>
    <int name="feature_flags_refresh_rate_limit" value="-1" />
    <boolean name="geofences_enabled" value="false" />
    <boolean name="push_max_enabled" value="false" />
    <int name="global_req_rate_refill_rate" value="30" />
    <long name="messaging_session_timeout" value="21600" />
    <long name="push_max_redeliver_buffer" value="86400" />
    <boolean name="global_req_rate_limit_enabled" value="true" />
    <string name="blacklisted_events">[&quot;trialling&quot;]</string>
    <boolean name="geofences_enabled_set" value="false" />
    <string name="last_accessed_sdk_version">35.0.0</string>
    <int name="global_req_rate_capacity" value="30" />
    <boolean name="sdk_debugger_enabled" value="false" />
    <long name="config_time" value="1760390267" />
    <int name="geofences_min_time_since_last_request" value="-1" />
    <string name="blacklisted_attributes">[&quot;playlist_hearteyes&quot;,&quot;playlist2024&quot;,&quot;playlist_heartbreak&quot;,&quot;playlist_abs&quot;,&quot;playlist_suddenkiss&quot;]</string>
    <boolean name="feature_flags_enabled" value="false" />
    <long name="push_max_redeliver_dedupe_buffer" value="-1" />
    <long name="sdk_debugger_flush_interval_seconds" value="0" />
    <long name="sdk_debugger_max_payload_bytes" value="0" />
    <int name="max_banner_placements" value="0" />
    <int name="default_backoff_max_sleep_duration_ms" value="300000" />
    <long name="sdk_debugger_flush_interval_bytes" value="0" />
    <boolean name="content_cards_enabled" value="true" />
    <boolean name="ephemeral_events_enabled" value="false" />
    <string name="blacklisted_purchases">[]</string>
    <int name="geofences_max_num_to_register" value="-1" />
    <int name="geofences_min_time_since_last_report" value="-1" />
    <int name="default_backoff_min_sleep_duration__ms" value="10000" />
    <boolean name="banners_enabled" value="false" />
    <boolean name="dust_enabled" value="false" />
    <string name="global_req_rate_limit_endpoint_overrides">{&quot;CONTENT_CARD_SYNC&quot;:{&quot;refill&quot;:10,&quot;capacity&quot;:5},&quot;PUSH_REDELIVER&quot;:{&quot;refill&quot;:180,&quot;capacity&quot;:1},&quot;BANNERS_SYNC&quot;:{&quot;refill&quot;:180,&quot;capacity&quot;:5}}</string>
    <int name="default_backoff_scale_factor" value="3" />
</map>
