<?xml version='1.0' encoding='utf-8' standalone='yes' ?>
<map>
    <string name="c45684f1-868d-4ff6-a920-e6b9d3c6dd04">{&quot;name&quot;:&quot;ce&quot;,&quot;data&quot;:{&quot;n&quot;:&quot;home_sv&quot;},&quot;time&quot;:1.761837662375E9,&quot;user_id&quot;:&quot;73957628u&quot;,&quot;session_id&quot;:&quot;f9ed9c59-72ba-4d05-90e6-d355987106d0&quot;}</string>
    <string name="e15ae11a-89d1-4a95-9bee-6c59a29c5a3c">{&quot;name&quot;:&quot;se&quot;,&quot;data&quot;:{&quot;d&quot;:79},&quot;time&quot;:1.761837610387E9,&quot;user_id&quot;:&quot;73957628u&quot;,&quot;session_id&quot;:&quot;ee24bb54-c097-4dae-bdb3-647869b28a26&quot;}</string>
    <string name="95c6d220-813d-411d-92c7-414855b0441d">{&quot;name&quot;:&quot;ss&quot;,&quot;data&quot;:{},&quot;time&quot;:1.761837662361E9,&quot;user_id&quot;:&quot;73957628u&quot;,&quot;session_id&quot;:&quot;f9ed9c59-72ba-4d05-90e6-d355987106d0&quot;}</string>
    <string name="11637697-6d14-43fb-8a62-1584143ad94d">{&quot;name&quot;:&quot;ce&quot;,&quot;data&quot;:{&quot;n&quot;:&quot;home_sv&quot;},&quot;time&quot;:1.761837666976E9,&quot;user_id&quot;:&quot;73957628u&quot;,&quot;session_id&quot;:&quot;f9ed9c59-72ba-4d05-90e6-d355987106d0&quot;}</string>
    <string name="79d836ff-627c-4a24-a6ba-1d47449f73da">{&quot;name&quot;:&quot;ce&quot;,&quot;data&quot;:{&quot;n&quot;:&quot;home_sv&quot;},&quot;time&quot;:1.761837672116E9,&quot;user_id&quot;:&quot;73957628u&quot;,&quot;session_id&quot;:&quot;f9ed9c59-72ba-4d05-90e6-d355987106d0&quot;}</string>
</map>
