<?xml version='1.0' encoding='utf-8' standalone='yes' ?>
<map>
    <string name="com_braze_custom_endpoint">sdk.iad-03.braze.com</string>
    <int name="com_braze_data_flush_interval_good_network" value="60" />
    <boolean name="com_appboy_in_app_message_push_test_eager_display_enabled" value="true" />
    <int name="com_appboy_default_notification_accent_color" value="-15950849" />
    <string name="com_braze_api_key">8b7931ed-377c-40a7-a087-ff405dcfc65f</string>
    <string name="com_appboy_api_key">8b7931ed-377c-40a7-a087-ff405dcfc65f</string>
    <int name="com_braze_session_timeout" value="30" />
    <boolean name="com_braze_handle_push_deep_links_automatically" value="true" />
    <boolean name="com_braze_firebase_cloud_messaging_registration_enabled" value="true" />
    <string name="com_braze_push_small_notification_icon">com.viki.android:mipmap/notification_icon</string>
    <string name="com_braze_push_large_notification_icon">com.viki.android:mipmap/notification_icon</string>
    <string name="com_braze_push_deep_link_back_stack_activity_class_name">com.viki.android.MainActivity</string>
    <string name="com_appboy_default_notification_channel_name">Promotion</string>
    <int name="com_braze_default_notification_accent_color" value="-15950849" />
    <string name="com_braze_firebase_cloud_messaging_sender_id">1068643720791</string>
    <boolean name="com_appboy_firebase_cloud_messaging_registration_enabled" value="true" />
    <string name="com_appboy_push_large_notification_icon">com.viki.android:mipmap/notification_icon</string>
    <boolean name="com_appboy_push_notification_html_rendering_enabled" value="true" />
    <string name="com_braze_default_notification_channel_name">Promotion</string>
    <string name="com_appboy_push_small_notification_icon">com.viki.android:mipmap/notification_icon</string>
    <string name="com_appboy_custom_endpoint">sdk.iad-03.braze.com</string>
    <string name="com_appboy_push_deep_link_back_stack_activity_class_name">com.viki.android.MainActivity</string>
    <string name="com_appboy_firebase_cloud_messaging_sender_id">1068643720791</string>
    <int name="com_braze_data_flush_interval_bad_network" value="120" />
    <boolean name="com_braze_push_notification_html_rendering_enabled" value="true" />
    <string name="com_braze_default_notification_channel_description">Notification about current and upcoming hit shows, subscription discount and promotion.</string>
    <int name="com_appboy_data_flush_interval_good_network" value="60" />
    <string name="com_appboy_default_notification_channel_description">Notification about current and upcoming hit shows, subscription discount and promotion.</string>
    <boolean name="com_braze_in_app_message_push_test_eager_display_enabled" value="true" />
    <int name="com_appboy_data_flush_interval_great_network" value="10" />
    <int name="com_appboy_data_flush_interval_bad_network" value="120" />
    <boolean name="com_appboy_handle_push_deep_links_automatically" value="true" />
    <int name="com_braze_data_flush_interval_great_network" value="10" />
</map>
