<?xml version='1.0' encoding='utf-8' standalone='yes' ?>
<map>
    <long name="config_time" value="1760390267" />
    <int name="geofences_min_time_since_last_request" value="-1" />
    <boolean name="geofences_enabled" value="false" />
    <string name="blacklisted_attributes">[&quot;playlist_hearteyes&quot;,&quot;playlist2024&quot;,&quot;playlist_heartbreak&quot;,&quot;playlist_abs&quot;,&quot;playlist_suddenkiss&quot;]</string>
    <boolean name="test_user_device_logging_enabled" value="false" />
    <boolean name="content_cards_enabled" value="true" />
    <long name="messaging_session_timeout" value="21600" />
    <string name="blacklisted_events">[&quot;trialling&quot;]</string>
    <string name="blacklisted_purchases">[]</string>
    <boolean name="geofences_enabled_set" value="false" />
    <int name="geofences_max_num_to_register" value="-1" />
    <int name="geofences_min_time_since_last_report" value="-1" />
    <string name="last_accessed_sdk_version">14.0.1</string>
</map>
