<?xml version='1.0' encoding='utf-8' standalone='yes' ?>
<map>
    <long name="com.facebook.appevents.SessionInfo.sessionStartTime" value="1761764833177" />
    <int name="app_version" value="55400" />
    <int name="com.facebook.appevents.SessionInfo.interruptionCount" value="2" />
    <string name="virtuoso_device_uuid_key">85c6b4ff35b2aa2a</string>
    <string name="people_roles">{&quot;more&quot;:false,&quot;response&quot;:[{&quot;id&quot;:&quot;6prr&quot;,&quot;created_at&quot;:&quot;2015-08-06T03:02:15.212Z&quot;,&quot;updated_at&quot;:&quot;2015-08-06T03:02:15.212Z&quot;,&quot;priority&quot;:4500,&quot;titles&quot;:{&quot;en&quot;:&quot;Host&quot;,&quot;es&quot;:&quot;Presentador&quot;,&quot;fr&quot;:&quot;Animateur&quot;,&quot;id&quot;:&quot;Pembawa Acara&quot;,&quot;ja&quot;:&quot;司会&quot;,&quot;ko&quot;:&quot;MC&quot;,&quot;ms&quot;:&quot;Hos&quot;,&quot;my&quot;:&quot;Host&quot;,&quot;pt&quot;:&quot;Apresentador&quot;,&quot;th&quot;:&quot;พิธีกร&quot;,&quot;zh&quot;:&quot;主持人&quot;,&quot;zt&quot;:&quot;主持人&quot;}},{&quot;id&quot;:&quot;1prr&quot;,&quot;created_at&quot;:&quot;2015-01-28T05:18:05.805Z&quot;,&quot;updated_at&quot;:&quot;2015-03-09T04:22:04.950Z&quot;,&quot;priority&quot;:5000,&quot;titles&quot;:{&quot;en&quot;:&quot;Main Cast&quot;,&quot;es&quot;:&quot;Reparto Principal&quot;,&quot;fr&quot;:&quot;Rôle principal&quot;,&quot;id&quot;:&quot;Pemeran Utama&quot;,&quot;ja&quot;:&quot;主演俳優&quot;,&quot;ko&quot;:&quot;주연 배우&quot;,&quot;ms&quot;:&quot;Pelakon Utama&quot;,&quot;my&quot;:&quot;Main Cast&quot;,&quot;pt&quot;:&quot;Ator Principal&quot;,&quot;th&quot;:&quot;นักแสดงหลัก&quot;,&quot;zh&quot;:&quot;主演&quot;,&quot;zt&quot;:&quot;主演&quot;}},{&quot;id&quot;:&quot;2prr&quot;,&quot;created_at&quot;:&quot;2015-01-28T05:18:05.856Z&quot;,&quot;updated_at&quot;:&quot;2015-01-28T05:18:05.856Z&quot;,&quot;priority&quot;:4000,&quot;titles&quot;:{&quot;en&quot;:&quot;Supporting Cast&quot;,&quot;es&quot;:&quot;Reparto Secundario&quot;,&quot;fr&quot;:&quot;Rôle secondaire&quot;,&quot;id&quot;:&quot;Pemeran Pendukung&quot;,&quot;ja&quot;:&quot;助演俳優&quot;,&quot;ko&quot;:&quot;조연 배우&quot;,&quot;ms&quot;:&quot;Pelakon Pembantu&quot;,&quot;my&quot;:&quot;Supporting Cast&quot;,&quot;pt&quot;:&quot;Ator Coadjuvante&quot;,&quot;th&quot;:&quot;นักแสดงสมทบ&quot;,&quot;zh&quot;:&quot;配角&quot;,&quot;zt&quot;:&quot;配角&quot;}},{&quot;id&quot;:&quot;3prr&quot;,&quot;created_at&quot;:&quot;2015-01-28T05:18:05.874Z&quot;,&quot;updated_at&quot;:&quot;2015-01-28T05:18:05.874Z&quot;,&quot;priority&quot;:3000,&quot;titles&quot;:{&quot;en&quot;:&quot;Cameo&quot;,&quot;es&quot;:&quot;Cameo&quot;,&quot;fr&quot;:&quot;Caméo&quot;,&quot;id&quot;:&quot;Penampilan Khusus&quot;,&quot;ja&quot;:&quot;特別出演ゲスト&quot;,&quot;ko&quot;:&quot;카메오&quot;,&quot;ms&quot;:&quot;Penampilan Khas&quot;,&quot;my&quot;:&quot;Cameo&quot;,&quot;pt&quot;:&quot;Artista Convidado&quot;,&quot;th&quot;:&quot;รับเชิญพิเศษ&quot;,&quot;zh&quot;:&quot;客座演出&quot;,&quot;zt&quot;:&quot;客座演出&quot;}},{&quot;id&quot;:&quot;4prr&quot;,&quot;created_at&quot;:&quot;2015-01-28T05:18:05.892Z&quot;,&quot;updated_at&quot;:&quot;2015-01-28T05:18:05.892Z&quot;,&quot;priority&quot;:2000,&quot;titles&quot;:{&quot;en&quot;:&quot;Director&quot;,&quot;es&quot;:&quot;Director&quot;,&quot;fr&quot;:&quot;Réalisateur&quot;,&quot;id&quot;:&quot;Sutradara&quot;,&quot;ja&quot;:&quot;監督&quot;,&quot;ko&quot;:&quot;감독&quot;,&quot;ms&quot;:&quot;Pengarah&quot;,&quot;my&quot;:&quot;Director&quot;,&quot;pt&quot;:&quot;Diretor&quot;,&quot;th&quot;:&quot;ผู้กำกับ&quot;,&quot;zh&quot;:&quot;导演&quot;,&quot;zt&quot;:&quot;導演&quot;}},{&quot;id&quot;:&quot;5prr&quot;,&quot;created_at&quot;:&quot;2015-01-28T05:18:05.912Z&quot;,&quot;updated_at&quot;:&quot;2015-01-28T05:18:05.912Z&quot;,&quot;priority&quot;:1000,&quot;titles&quot;:{&quot;en&quot;:&quot;Producer&quot;,&quot;es&quot;:&quot;Productor&quot;,&quot;fr&quot;:&quot;Producteur&quot;,&quot;id&quot;:&quot;Produser&quot;,&quot;ja&quot;:&quot;プロデューサー&quot;,&quot;ko&quot;:&quot;프로듀서&quot;,&quot;ms&quot;:&quot;Penerbit&quot;,&quot;my&quot;:&quot;Producer&quot;,&quot;pt&quot;:&quot;Produtor&quot;,&quot;th&quot;:&quot;ผู้อำนวยการสร้าง&quot;,&quot;zh&quot;:&quot;制片人&quot;,&quot;zt&quot;:&quot;製片人&quot;}}]}&#10;    </string>
    <int name="LOGIN_CTA_COUNT_SHOWN" value="1" />
    <long name="app_first_load_time" value="1761762600000" />
    <string name="com.facebook.appevents.SessionInfo.sessionId">99ee8631-06c1-4885-bc64-c223f55adfc9</string>
    <long name="com.facebook.appevents.SessionInfo.sessionEndTime" value="1761764899962" />
    <string name="application_session_id">100005a-1761764833-2032</string>
    <string name="install_referrer">utm_source=google-play&amp;utm_medium=organic</string>
    <boolean name="device_capability_verified" value="false" />
    <long name="entertainment_agencies" value="1761764896" />
</map>
