<?xml version='1.0' encoding='utf-8' standalone='yes' ?>
<map>
    <string name="feature_usage_package_name">com.viki.android</string>
    <string name="client_sender_id">caeaca74-e81c-4699-b0f4-b4dc1a129c8b</string>
    <long name="feature_usage_timestamp_detected_feature_33" value="1761764897386" />
    <long name="feature_usage_timestamp_detected_feature_12" value="1761764897372" />
    <long name="feature_usage_last_report_time" value="1761764874483" />
    <long name="feature_usage_timestamp_detected_feature_15" value="1761764897372" />
    <string name="feature_usage_sdk_version">20.0.0</string>
    <long name="feature_usage_timestamp_reported_feature_5" value="1761764874483" />
</map>
