<?xml version='1.0' encoding='utf-8' standalone='yes' ?>
<map>
    <long name="first_open_time" value="1761765968744" />
    <string name="gmp_app_id">1:1068643720791:android:0a0d3b08ec1585c6</string>
    <string name="app_instance_id">c4c76dce35a56268219a65e840fb2986</string>
    <long name="session_id" value="1761765968" />
    <boolean name="app_backgrounded" value="true" />
    <long name="health_monitor:start" value="1761765968895" />
    <boolean name="use_service" value="true" />
    <boolean name="deferred_analytics_collection" value="false" />
    <string name="previous_os_version">15</string>
    <boolean name="has_been_opened" value="true" />
    <boolean name="allow_remote_dynamite" value="true" />
    <long name="last_pause_time" value="1761766002518" />
    <boolean name="start_new_session" value="false" />
</map>
