<?xml version='1.0' encoding='utf-8' standalone='yes' ?>
<map>
    <long name="com.facebook.appevents.SessionInfo.sessionStartTime" value="1761753051701" />
    <long name="com.facebook.appevents.SessionInfo.sessionEndTime" value="1761753099681" />
    <string name="application_session_id">100005a-1761753051-2099</string>
    <string name="install_referrer">utm_source=google-play&amp;utm_medium=organic</string>
    <int name="com.facebook.appevents.SessionInfo.interruptionCount" value="1" />
    <string name="virtuoso_device_uuid_key">85c6b4ff35b2aa2a</string>
    <int name="LOGIN_CTA_COUNT_SHOWN" value="2" />
    <long name="app_first_load_time" value="1761676200000" />
    <string name="com.facebook.appevents.SessionInfo.sessionId">085ecf7c-fe14-487a-8352-e1912066d0e9</string>
    <boolean name="device_capability_verified" value="false" />
</map>
