<?xml version='1.0' encoding='utf-8' standalone='yes' ?>
<map>
    <string name="feature_usage_package_name">com.viki.android</string>
    <string name="client_sender_id">8a88db49-5a5b-4b9d-8d77-014bff182521</string>
    <long name="feature_usage_timestamp_detected_feature_12" value="1761766433228" />
    <long name="feature_usage_last_report_time" value="1761766421898" />
    <long name="feature_usage_timestamp_detected_feature_15" value="1761766433227" />
    <string name="feature_usage_sdk_version">22.0.0</string>
    <long name="feature_usage_timestamp_reported_feature_5" value="1761766432675" />
</map>
