<?xml version='1.0' encoding='utf-8' standalone='yes' ?>
<map>
    <long name="feature_usage_last_report_time" value="1761506747965" />
    <long name="feature_usage_timestamp_detected_feature_15" value="1761506764048" />
    <string name="feature_usage_package_name">com.viki.android</string>
    <string name="feature_usage_sdk_version">22.0.0</string>
    <long name="feature_usage_timestamp_reported_feature_5" value="1761506747964" />
    <long name="feature_usage_timestamp_detected_feature_12" value="1761506764048" />
</map>
