<?xml version='1.0' encoding='utf-8' standalone='yes' ?>
<map>
    <long name="first_open_time" value="1761765750491" />
    <string name="gmp_app_id">1:1068643720791:android:0a0d3b08ec1585c6</string>
    <string name="app_instance_id">81931a655207936c88de745c11cfe5c9</string>
    <long name="session_id" value="1761765750" />
    <boolean name="app_backgrounded" value="true" />
    <long name="health_monitor:start" value="1761765750640" />
    <boolean name="use_service" value="true" />
    <boolean name="deferred_analytics_collection" value="false" />
    <string name="previous_os_version">15</string>
    <boolean name="has_been_opened" value="true" />
    <boolean name="allow_remote_dynamite" value="true" />
    <long name="last_pause_time" value="1761765771579" />
    <boolean name="start_new_session" value="false" />
</map>
