<?xml version='1.0' encoding='utf-8' standalone='yes' ?>
<map>
    <string name="feature_usage_package_name">com.viki.android</string>
    <string name="client_sender_id">8baa5b74-a73e-4138-a93b-4e4465eed9a8</string>
    <long name="feature_usage_timestamp_detected_feature_33" value="1761765768665" />
    <long name="feature_usage_timestamp_detected_feature_12" value="1761765768648" />
    <long name="feature_usage_last_report_time" value="1761765760649" />
    <long name="feature_usage_timestamp_detected_feature_15" value="1761765768648" />
    <string name="feature_usage_sdk_version">20.0.0</string>
    <long name="feature_usage_timestamp_reported_feature_5" value="1761765760649" />
</map>
