<?xml version='1.0' encoding='utf-8' standalone='yes' ?>
<map>
    <string name="feature_usage_package_name">com.viki.android</string>
    <string name="client_sender_id">d6971291-376f-4363-8c78-62bd91f5931b</string>
    <long name="feature_usage_timestamp_detected_feature_33" value="1761753096446" />
    <long name="feature_usage_timestamp_detected_feature_12" value="1761753096428" />
    <long name="feature_usage_last_report_time" value="1761753089949" />
    <long name="feature_usage_timestamp_detected_feature_15" value="1761753096427" />
    <string name="feature_usage_sdk_version">20.0.0</string>
    <long name="feature_usage_timestamp_reported_feature_5" value="1761753089949" />
</map>
