<?xml version='1.0' encoding='utf-8' standalone='yes' ?>
<map>
    <string name="feature_usage_package_name">com.viki.android</string>
    <long name="feature_usage_timestamp_detected_feature_33" value="1761837668366" />
    <long name="feature_usage_timestamp_detected_feature_12" value="1761837531485" />
    <long name="feature_usage_last_report_time" value="1761837522760" />
    <long name="feature_usage_timestamp_detected_feature_15" value="1761837531484" />
    <string name="feature_usage_sdk_version">22.0.0</string>
    <long name="feature_usage_timestamp_reported_feature_5" value="1761837522760" />
</map>
