<?xml version='1.0' encoding='utf-8' standalone='yes' ?>
<map>
    <string name="feature_usage_package_name">com.viki.android</string>
    <string name="client_sender_id">3d292b21-ec12-45b5-8027-91b26ef61351</string>
    <long name="feature_usage_timestamp_detected_feature_33" value="1761754251265" />
    <long name="feature_usage_timestamp_detected_feature_12" value="1761754251251" />
    <long name="feature_usage_last_report_time" value="1761754186159" />
    <long name="feature_usage_timestamp_detected_feature_15" value="1761754251251" />
    <string name="feature_usage_sdk_version">20.0.0</string>
    <long name="feature_usage_timestamp_reported_feature_5" value="1761754186159" />
</map>
