<?xml version='1.0' encoding='utf-8' standalone='yes' ?>
<map>
    <set name="android-min-sdk/28 kotlin/2.0.21 fire-cls/19.3.0 device-model/Asteroids fire-installations/18.0.0 fire-rc/22.0.1 device-name/AsteroidsIND fire-abt/21.1.1 fire-android/35 fire-core/21.0.0 fire-core-ktx/21.0.0 fire-perf/21.0.3 android-installer/com.google.android.packageinstaller device-brand/Nothing fire-analytics/22.1.2 android-platform/ fire-fcm/24.1.0 android-target-sdk/35 fire-transport/19.0.0 fire-sessions/2.0.7">
        <string>2025-10-30</string>
    </set>
    <long name="fire-count" value="1" />
    <string name="last-used-date">2025-10-30</string>
    <long name="fire-global" value="1761837468256" />
</map>
