<?xml version='1.0' encoding='utf-8' standalone='yes' ?>
<map>
    <long name="fire-count" value="1" />
    <string name="last-used-date">2025-10-11</string>
    <long name="fire-global" value="1760141333155" />
    <set name="kotlin/2.0.10 fire-cls/19.3.0 fire-installations/18.0.0 android-min-sdk/24 fire-fcm/23.1.2 fire-analytics/21.5.1 fire-cls-ndk/19.3.0 fire-android/35 android-installer/com.android.vending device-model/e28c0d342c844d97 device-name/6ef59953f49a85ce fire-core/21.0.0 fire-core-ktx/21.0.0 fire-sessions/2.0.1 device-brand/ee88a59653edb026 android-platform/ fire-transport/18.1.8 android-target-sdk/27">
        <string>2025-10-11</string>
    </set>
</map>
