<?xml version='1.0' encoding='utf-8' standalone='yes' ?>
<map>
    <string name="stored_privileges">{&quot;verticals&quot;:[&quot;3pv&quot;],&quot;features&quot;:[],&quot;plans&quot;:[]}</string>
    <long name="last_active_appid_time" value="1761764899" />
    <string name="key_privileges_hash">5ff909c</string>
    <string name="stored_token">ex1RZ3WVO2KU744ZYYYHBFBYI3X7DSCY_2u0073957628uti00patj7V100005_djA0</string>
    <string name="stored_user">{&quot;username&quot;:&quot;ankyad0990_384&quot;,&quot;password&quot;:&quot;Artush@123&quot;,&quot;google_id&quot;:&quot;115291354545186736046&quot;,&quot;user_id&quot;:&quot;73957628u&quot;,&quot;avatar&quot;:&quot;null&quot;,&quot;email&quot;:&quot;ankyad0990@gmail.com&quot;,&quot;email_autogenerated&quot;:false,&quot;email_verified&quot;:true,&quot;language&quot;:&quot;&quot;,&quot;user_name&quot;:&quot;ankyad0990_384&quot;,&quot;created_at&quot;:&quot;2023-03-30T13:06:08Z&quot;,&quot;qc&quot;:false,&quot;staff&quot;:false,&quot;country&quot;:&quot;in&quot;,&quot;subtitle_language&quot;:&quot;en&quot;,&quot;email_newsletter&quot;:true,&quot;birth_date&quot;:&quot;2002-10-27&quot;}</string>
    <boolean name="virtuoso_first_init" value="false" />
</map>
