<?xml version='1.0' encoding='utf-8' standalone='yes' ?>
<map>
    <string name="stored_token">ex1W5A7YQTETARFAGDWYHQWOLAVPMZB4_2u0073957628uti00paqj7i100005_djA0</string>
    <string name="stored_user">{&quot;username&quot;:&quot;ankyad0990_384&quot;,&quot;google_id&quot;:&quot;115291354545186736046&quot;,&quot;user_id&quot;:&quot;73957628u&quot;,&quot;email&quot;:&quot;ankyad0990@gmail.com&quot;,&quot;email_autogenerated&quot;:false,&quot;email_verified&quot;:true,&quot;user_name&quot;:&quot;ankyad0990_384&quot;,&quot;created_at&quot;:&quot;2023-03-30T13:06:08Z&quot;,&quot;qc&quot;:false,&quot;staff&quot;:false,&quot;country&quot;:&quot;in&quot;,&quot;subtitle_language&quot;:&quot;en&quot;,&quot;email_newsletter&quot;:true,&quot;viki_external_id&quot;:&quot;86014bf4-da86-4636-a595-3ff64729bd40&quot;,&quot;subscriber&quot;:false}</string>
    <string name="stored_privileges">{&quot;verticals&quot;:[&quot;3pv&quot;],&quot;features&quot;:[],&quot;plans&quot;:[]}</string>
    <long name="last_active_appid_time" value="1761505644" />
    <string name="key_privileges_hash">5ff909c</string>
    <boolean name="last_can_enable_download" value="false" />
    <long name="config_sync_time" value="1761505627" />
    <int name="session_counter" value="1" />
    <boolean name="show_tou_wall" value="false" />
</map>
