<?xml version='1.0' encoding='utf-8' standalone='yes' ?>
<map>
    <string name="settings_location">/data/user/0/com.spotify.music/files/settings</string>
    <string name="install_pai_preload_referrer"></string>
    <string name="pre-signup-experiment-request-id"></string>
    <boolean name="com.spotify.proactiveplatforms.npvwidget.KEY_PREFS_LOGGED_IN" value="true" />
    <long name="background_restrictions_next_scheduled_time" value="0" />
    <string name="user-selected-language">en-IN</string>
    <set name="uri_shuffle_on" />
    <string name="installation_id">dfhj4nn197mebbge52thhg2atp</string>
    <int name="engage_sdk_continuation_cluster_publish_status" value="9" />
    <long name="key_date_first_launch" value="1760027736373" />
    <int name="service_crash_count" value="0" />
    <int name="key_rater_plays_amount" value="2" />
    <long name="preload_notification_first_time_app_started_millis" value="1760027733004" />
    <long name="po-session-date" value="1760027736381" />
    <boolean name="data_saver_mode_android_enabled" value="false" />
    <boolean name="install_referrer_read" value="true" />
    <int name="engage_sdk_recommendations_cluster_publish_status" value="9" />
    <string name="registration_install_attribution_referrer">utm_medium=organic&amp;utm_source=google-play</string>
    <set name="uri_shuffle_off">
        <string>spotify:playlist:37i9dQZF1DX14CbVHtvHRB</string>
    </set>
    <boolean name="last_known_is_logged_out_status" value="false" />
    <long name="samsung_clock_nudge_earliest_time_nudge_can_show_timestamp" value="1760632536389" />
    <boolean name="dac-home-force-network-request" value="false" />
    <boolean name="previous_external_storage_failure" value="false" />
    <string name="branch_partner_id">0048cf708a12139dd584debddbc45a8c9a52d1607a563718b430e0</string>
    <long name="branch_partner_id_cache_time_key" value="1760027734668" />
    <string name="event-sender-event-owner">312m5ybonurjofktir3iy5mw2yh4</string>
    <string name="registration_app_attribution_referrer">utm_medium=organic&amp;utm_source=google-play</string>
    <string name="crashlytics_user_id">312m5ybonurjofktir3iy5mw2yh4</string>
    <string name="crashlytics_partner_id">00b1eec3d91e7c76e40ef88c5f5e24708406eb3798146f7925cb63</string>
    <string name="current_push_token">faS9jsLgR2SbNTHXdpgg-i:APA91bET9kgkAlKtLQh1qA0LjdFsbKjCzov0DdxTWs6HofBmmTOEM2bbgtoljQ2-K79vbEF3qvK9knsgHvtWKii4aESE7p1B9cxiSqxhRxqR-N7LHXDN8g0</string>
    <int name="deletion-policy" value="0" />
    <long name="registration_app_attribution_referrer_timestamp" value="1760026574415" />
    <boolean name="preload_notification_has_never_logged_in" value="false" />
    <string name="cache_location_v4">/storage/emulated/0/Android/data/com.spotify.music/files/spotifycache</string>
    <long name="wear.phoneonboardingtriggers.onboarding_enabled_key" value="1760027733192" />
    <string name="ADAPTIVE_AUTH_METADATA_AUTH_SOURCE">EMAIL</string>
    <int name="background_restrictions_times_shown" value="1" />
    <boolean name="NET_CAPABILITIES_VALIDATED_DISABLED" value="false" />
    <set name="limited_experience_indicator_key" />
</map>
