<?xml version='1.0' encoding='utf-8' standalone='yes' ?>
<map>
    <string name="settings_location">/data/user/0/com.spotify.music/files/settings</string>
    <string name="install_pai_preload_referrer"></string>
    <string name="pre-signup-experiment-request-id"></string>
    <long name="notification_permission_education_screen_shown_timestamp" value="1759862511180" />
    <boolean name="com.spotify.proactiveplatforms.npvwidget.KEY_PREFS_LOGGED_IN" value="true" />
    <string name="user-selected-language">en-IN</string>
    <long name="background_restrictions_next_scheduled_time" value="0" />
    <set name="uri_shuffle_on" />
    <string name="installation_id">3t2k5lhja0bt7dl85mp5ppo28o</string>
    <long name="key_date_first_launch" value="1759862494700" />
    <int name="engage_sdk_continuation_cluster_publish_status" value="9" />
    <string name="known_bluetooth_devices">{&quot;KDM-Z4 JackPods&quot;:{&quot;categorizer_response&quot;:{&quot;category&quot;:&quot;car&quot;,&quot;company&quot;:&quot;jvc&quot;,&quot;model&quot;:&quot;&quot;,&quot;version&quot;:&quot;&quot;,&quot;interapp&quot;:true,&quot;displayName&quot;:&quot;&quot;},&quot;last_updated_at&quot;:1759862497819}}</string>
    <int name="service_crash_count" value="0" />
    <int name="key_rater_plays_amount" value="4" />
    <long name="preload_notification_first_time_app_started_millis" value="1759862493101" />
    <long name="po-session-date" value="1759862494734" />
    <boolean name="data_saver_mode_android_enabled" value="false" />
    <boolean name="install_referrer_read" value="true" />
    <boolean name="host_onboarding_dialog_shown" value="true" />
    <int name="engage_sdk_recommendations_cluster_publish_status" value="9" />
    <string name="registration_install_attribution_referrer">utm_medium=organic&amp;utm_source=google-play</string>
    <set name="uri_shuffle_off">
        <string>spotify:playlist:37i9dQZF1DXbVhgADFy3im</string>
    </set>
    <boolean name="last_known_is_logged_out_status" value="false" />
    <long name="samsung_clock_nudge_earliest_time_nudge_can_show_timestamp" value="1760467295103" />
    <boolean name="join_nearby_session_seen.identifier" value="false" />
    <boolean name="dac-home-force-network-request" value="false" />
    <string name="branch_partner_id">0048cf47e04eee35c83fea73ed4b7bd26e3a6eff7af730c256116d</string>
    <long name="branch_partner_id_cache_time_key" value="1759862497762" />
    <string name="event-sender-event-owner">31mrmdehbwnosagr3iqqqrlilzsq</string>
    <string name="registration_app_attribution_referrer">utm_medium=organic&amp;utm_source=google-play</string>
    <string name="crashlytics_user_id">31mrmdehbwnosagr3iqqqrlilzsq</string>
    <string name="crashlytics_partner_id">00b1ee0e284db2ee5530bbb49617ef4df894f455b4d10cefbcab70</string>
    <string name="current_push_token">dY9tx3weSA6-XuakXXGbya:APA91bECAPVb8fLVX-WfbzY6xy5yuCjzsIG1uoDyHjekk2Vz5JEnA-y2akhWTrQgsrKJWx3PkfpwGs8UcfXPivc8uwirVpJ2RqrKlhWpPitzm_Ve9w10ieU</string>
    <int name="deletion-policy" value="0" />
    <long name="registration_app_attribution_referrer_timestamp" value="1759862468379" />
    <boolean name="preload_notification_has_never_logged_in" value="false" />
    <string name="cache_location_v4">/storage/emulated/0/Android/data/com.spotify.music/files/spotifycache</string>
    <long name="wear.phoneonboardingtriggers.onboarding_enabled_key" value="1759862494706" />
    <string name="ADAPTIVE_AUTH_METADATA_AUTH_SOURCE">EMAIL</string>
    <int name="background_restrictions_times_shown" value="1" />
    <set name="limited_experience_indicator_key" />
    <boolean name="NET_CAPABILITIES_VALIDATED_DISABLED" value="false" />
</map>
