<?xml version='1.0' encoding='utf-8' standalone='yes' ?>
<map>
    <string name="preferred_locale_reporter_locale">en</string>
    <int name="ao_bottom_sheet_cache_version" value="1" />
    <long name="bluetooth_permission_flow_last_prompt_timestamp" value="1760141474756" />
    <boolean name="quickplay_taste_onboarding_completed" value="false" />
    <long name="key_tap_bt_permissions_timestamp" value="1760141474460" />
    <int name="bluetooth_permission_flow_prompt_count_v2" value="1" />
    <long name="unboxing_premium_entry_point_start_date" value="1760141474135" />
    <int name="key_bt_permissions_flow_started_count_v2" value="1" />
</map>
