<?xml version='1.0' encoding='utf-8' standalone='yes' ?>
<map>
    <string name="preferred_locale_reporter_locale">en</string>
    <int name="ao_bottom_sheet_cache_version" value="1" />
    <boolean name="quickplay_taste_onboarding_completed" value="false" />
    <boolean name="unboxing_premium_modal_presented" value="true" />
    <string name="where_to_play_last_active_device_id">c2dea4acf3913749158684c068679c090b30f1b6</string>
    <long name="unboxing_premium_entry_point_start_date" value="1760027736391" />
</map>
