{"accessibleDataDirectory":false,"activityMonitor":false,"activityTransitions":"NO_CHANGE","adaptiveIconsSupport":true,"addActivities":["com.applisto.appcloner.classes.LogcatViewer$LogcatActivity","com.applisto.appcloner.classes.FakeCamera$FakeCameraActivity"],"addLauncherIcons":{},"addPadding":{"backgroundColor":0,"bottomPadding":0,"enabled":false,"inversePadding":false,"leftPadding":0,"rightPadding":0,"setValuesIndividually":false,"topPadding":0},"addPermissions":["android.permission.READ_LOGS","android.permission.FLASHLIGHT","net.dinglisch.android.tasker.PERMISSION_RUN_TASKS","android.permission.BLUETOOTH_ADMIN","android.permission.VIBRATE","android.permission.SYSTEM_ALERT_WINDOW","android.permission.WRITE_EXTERNAL_STORAGE","android.permission.CHANGE_WIFI_STATE","android.permission.INTERNET","android.permission.REQUEST_IGNORE_BATTERY_OPTIMIZATIONS","android.permission.ACCESS_NETWORK_STATE","android.permission.USE_FINGERPRINT","android.permission.ACCESS_WIFI_STATE","android.permission.CAMERA","android.permission.READ_EXTERNAL_STORAGE","android.permission.BLUETOOTH","android.permission.WRITE_SETTINGS","android.permission.READ_SETTINGS"],"addProviders":[],"addReceivers":["com.applisto.appcloner.action.FAKE_CAMERA_SELECT_CAMERA_PICTURE,com.applisto.appcloner.action.FAKE_CAMERA_ROTATE_CLOCKWISE,com.applisto.appcloner.action.FAKE_CAMERA_ROTATE_ANTI_CLOCKWISE@com.applisto.appcloner.classes.FakeCamera$FakeCameraReceiver","com.applisto.appcloner.classes.DisableClipboardAccess$ClearClipboardReceiver"],"allowBackup":"NO_CHANGE","allowDarkMode":false,"allowInMultiAccountApps":false,"allowNotificationsWhenRunning":false,"allowScreenshots":false,"allowSharingImages":false,"allowSharingImagesFormat":"JPEG","allowTextSelection":false,"alwaysAllowCopyPaste":false,"androidVersionRelease":"15","androidVersionSdk":"35","appDataExportImport":true,"appPasswordAskOnlyOnce":false,"appShellGmsSupport":false,"appTranslator":false,"appValidFrom":0,"appValidUntil":0,"audioPlaybackCapture":"NO_CHANGE","autoIncognitoMode":false,"autoPressButtons":[],"autoRemoveFromRecents":false,"autoScroller":false,"autoStart":"NO_CHANGE","autoStartProfiling":false,"backAlwaysFinishes":false,"badge":"","batchAppendCloneNumber":false,"batchChangeIconHue":false,"batchSetBadge":false,"blockActivitiesNames":[],"blockAllNotifications":false,"blockAllToasts":false,"blockByDefault":false,"bringAppToFrontNotification":false,"buildPropsBoard":"flame","buildPropsBootloader":"c2f2-0.2-5799621","buildPropsBrand":"google","buildPropsBuild":"RD2A.211001.002","buildPropsDevice":"marlin","buildPropsFingerprint":"google/marlin/marlin:11/RD2A","buildPropsHardware":"ranchu","buildPropsManufacturer":"Google","buildPropsModel":"Pixel 4","buildPropsOsVersion":"4.4.223-g52750b8f2138-ab68","buildPropsProduct":"marlin","buildPropsRadio":"g8998-00034-2105072136","bundleAppData":false,"bundleFilesDirectories":[],"bundleObb":false,"bundleOriginalApp":false,"changeAndroidId":true,"changeAndroidIdSeed":0,"changeBluetoothMacAddress":"CUSTOM","changeDefaultFont":false,"changeGoogleAdvertisingId":"CUSTOM","changeGoogleServiceFrameworkId":"NO_CHANGE","changeImei":"CUSTOM","changeImeiImsi":false,"changeImeiRandomizeClone":false,"changeImsi":"CUSTOM","changeImsiRandomizeClone":false,"changeWebViewUserAgent":"CUSTOM","changeWifiMacAddress":"CUSTOM","clearCacheOnExit":false,"clearCacheWhenNotUsed":false,"clearCacheWhenNotUsedTimeUnit":"DAYS","clearCacheWhenNotUsedValue":3,"clipboardTimeout":false,"cloneNumber":-1,"cloningMode":"MANIFEST","colorFilterBlue":0,"colorFilterBrightness":0,"colorFilterContrast":0,"colorFilterGreen":0,"colorFilterHue":0,"colorFilterRed":0,"colorFilterSaturation":0,"confirmExit":false,"customAndroidId":"af9e98c40b820db9","customBluetoothMacAddress":"D9:64:53:A0:C1:40","customFeatures":[],"customGoogleAdvertisingId":"e66a9fe7-5a69-bc9b-f330-364616fc3ed8","customImei":"174220385691815","customImsi":"319903117041510","customPermissions":[],"customWebViewUserAgent":"Mozilla/5.0 (Linux; Android) AppleWebKit/537.36 (KHTML, like Gecko) Chrome/80.0.####.****** Mobile Safari/537.36","customWifiMacAddress":"C6:78:AB:BC:59:78","dataDirectoryFtpServer":false,"databaseEditor":false,"debugUtils":false,"defaultNotificationLights":{"notificationLightsColor":"NO_CHANGE","notificationLightsPattern":"NO_CHANGE"},"deleteFilesDirectoriesOnExit":[],"densityDpiScale":1.0,"deviceLockCustomErrorMessage":"","deviceLockDeviceIdentifiers":[],"disableAccessibilityAccess":false,"disableAccessibilityServices":false,"disableAccountsAccess":true,"disableActivityTransitions":false,"disableAllNetworking":false,"disableAllNetworkingDisableDelay":0,"disableAllNetworkingEnableDelay":0,"disableAppDefaults":false,"disableAudioFocus":false,"disableAutoFill":false,"disableAutoStart":false,"disableBackgroundNetworking":false,"disableCalendarAccess":false,"disableCallLogSmsAccess":false,"disableCameras":false,"disableChromeCustomTabs":false,"disableChromecastButton":false,"disableClearTextNetworking":false,"disableClipboardReadAccess":false,"disableClipboardWriteAccess":false,"disableConnectivityChangeEvents":false,"disableContactsAccess":false,"disableDeviceAdmin":false,"disableFullscreenEditing":false,"disableHapticFeedback":false,"disableHardwareAcceleration":false,"disableInAppSearch":false,"disableLogcatLogging":false,"disableMediaBrowserService":false,"disableMobileData":false,"disableNestedScrolling":false,"disableNetworkingWhenScreenOff":false,"disableNetworkingWithoutVpn":false,"disableNewPictureVideoEvents":false,"disableNfcEvents":false,"disablePermissionPrompts":{},"disablePhotoMediaAccess":false,"disableRuntimeModdingOptions":false,"disableScreenOnOffEvents":false,"disableSensorsAccess":false,"disableShareActions":false,"disableSignatureVerification":false,"disableSpaceManagement":false,"disableUsbAccessoryModeEvents":false,"disableUsbHostModeEvents":false,"disableWakeLocks":false,"disableWatchApp":false,"disableWidgets":false,"documentLaunchMode":false,"enableBatchCloning":false,"enableDisableNetworkingNotification":false,"enableTvVersion":false,"excludeFromRecents":false,"exitAppIfPasswordIncorrect":true,"exitAppOnScreenOff":false,"exitAppOnScreenOffDelaySeconds":0,"exitAppWhenStorageUnmounted":false,"expansionFiles":"COPY_CLONING","facebookLoginBehavior":"WEB_ONLY","fakeBatteryLevel":0,"fakeCalculator":false,"fakeCamera":false,"fakeDateDay":0,"fakeDateMonth":0,"fakeDateYear":0,"fileAccessMonitor":false,"fingerprintLongTapAction":"NONE","fingerprintTapAction":"NONE","flashlightWhileAppOpen":false,"flipIcon":false,"flipIconVertically":false,"flipScreenHorizontally":false,"flipScreenUsingNfcTag":false,"flipScreenUsingNotification":false,"flipScreenVertically":false,"floatingApp":false,"floatingAppLowerTargetSdk":false,"floatingAppNotchMargin":false,"floatingAppOpacity":1.0,"floatingBackButton":false,"floatingBackButtonColor":-7829368,"floatingBackButtonDoubleBackTap":false,"floatingBackButtonLongPressAction":"NONE","floatingBackButtonOpacity":0.5,"floatingBackButtonPositionPerScreen":false,"floatingBackButtonSize":"MEDIUM","flushLogcatBufferOnExit":false,"fontScale":1.0,"forceRotationLockUsingOverlay":false,"fpsMonitor":false,"fpsMonitorColor":-7829368,"fpsMonitorHorizontalAlignment":"RIGHT","fpsMonitorOpacity":1.0,"fpsMonitorSize":"MEDIUM","fpsMonitorVerticalAlignment":"BOTTOM","freeFormWindow":false,"freezeTime":false,"fromCloneNumber":1,"googlePlayServicesWorkaround":false,"gpsJoystick":false,"gpsJoystickColor":-7829368,"gpsJoystickHorizontalAlignment":"LEFT","gpsJoystickMaxSpeed":1.5,"gpsJoystickOpacity":1.0,"gpsJoystickSize":"MEDIUM","gpsJoystickVerticalAlignment":"BOTTOM","headphonesPluggedEventAction":"NONE","headphonesUnpluggedEventAction":"NONE","headsUpNotifications":false,"hideAllInstalledApps":false,"hideBluetoothMacAddress":false,"hideDeveloperMode":false,"hideEmulator":false,"hideFromClonedApps":false,"hideGooglePlayServices":false,"hideGpuInfo":true,"hideImei":false,"hideImsi":false,"hideMockLocation":false,"hideNotch":false,"hideOtherApps":[],"hidePasswordCharacters":false,"hidePowerSavingMode":false,"hideRoot":false,"hideScreenMirroring":false,"hideSimOperatorInfo":true,"hideVpnConnection":false,"hideWifiInfo":false,"hideWifiMacAddress":false,"hostMapperSilent":false,"hostsBlocker":false,"hostsBlockerAllowAllOtherHosts":false,"httpProxy":false,"httpProxyPort":8080,"iconEffect":"NONE","iconHue":180,"iconLightness":0.0,"iconRotation":180,"iconSaturation":0.0,"ignoreCrashes":false,"ignoreCrashesShowCrashMessages":false,"ignoreUpdates":false,"immersiveMode":false,"immersiveModeIgnoreNotch":false,"inAppLiveChat":false,"inAppLiveChatOpacity":1.0,"incognitoKeyboard":false,"incognitoMode":false,"installToSdCard":false,"interpretedMode":false,"invertColorsDarkMode":false,"invertColorsDarkModeEndTime":"07:00","invertColorsDarkModeExcludeWebViews":false,"invertColorsDarkModeSchedule":false,"invertColorsDarkModeStartTime":"21:00","invertToasts":false,"jobSchedulingMonitor":false,"jobSchedulingMultiplier":1.0,"joystickPointer":false,"joystickPointerAutoHide":false,"joystickPointerColor":-7829368,"joystickPointerOpacity":1.0,"joystickPointerShowInitially":true,"joystickPointerSize":"MEDIUM","joystickPointerToggleLongPress":true,"keepAppLabel":false,"keepScreenOn":false,"keyboardAdjust":"NO_CHANGE","kioskMode":"DISABLED","language":"","largeHeapSupport":false,"largerAspectRatios":"NO_CHANGE","launchAppWhenStorageMounted":false,"launchQuickSettingsTile":false,"launchWithNfcTag":false,"launchWithUsbDeviceProductId":0,"launchWithUsbDeviceVendorId":0,"leanbackBannerImage":false,"leanbackLauncherSupport":false,"lightStatusBar":"NO_CHANGE","localActivities":false,"localBroadcastsServices":false,"localOnlyNotifications":false,"logGetPackageName":false,"logcatViewer":true,"longPressBackAction":"NONE","longPressBackForOptionsMenu":false,"longPressTimeout":0,"longPressToCopyText":false,"longPressToEnableViews":false,"longPressToRevealPassword":false,"lowMemoryMode":false,"makeAssistApp":false,"makeCameraApp":false,"makeDebuggable":false,"makeHomeApp":false,"makeTestOnly":false,"makeWatchApp":false,"makeWebViewsDebuggable":false,"manifestEditor":false,"mappedColorResources":{},"mappedHosts":{},"mappedKeys":{},"markAsGame":false,"mergeCustomClassesDex":false,"mergeOriginalClassesDex":false,"minSdkVersion":0,"minimizeOnBack":"NO_CHANGE","mockEthernetConnection":"NO_CHANGE","mockMobileConnection":"NO_CHANGE","mockWifiConnection":"NO_CHANGE","multiWindow":false,"multiWindowNoPause":false,"muteMic":false,"muteOnStart":false,"muteWhileInForeground":false,"name":"Spotify","navigationBarColorUseStatusBarColor":false,"newIdentity":false,"newIdentityClearCache":false,"newIdentityDeleteAppData":false,"newIdentityShowNotification":true,"newIdentitySpoofRandomLocation":false,"noBackgroundServices":false,"noKill":false,"noKillPreventFinishingActivities":false,"noRelayoutOnRotation":false,"notificationCategories":[],"notificationColorUseStatusBarColor":false,"notificationDots":false,"notificationFilter":"","notificationPriority":"NO_CHANGE","notificationQuietTime":false,"notificationQuietTimeEnd":"07:00","notificationQuietTimeStart":"21:00","notificationSnoozeTimeout":0,"notificationSound":"NO_CHANGE","notificationTextReplacements":[],"notificationTimeout":0,"notificationTintStatusBarIcon":false,"notificationVibration":"NO_CHANGE","notificationVisibility":"NO_CHANGE","ongoingNotifications":"NO_CHANGE","overrideBindAddress":"NO_CHANGE","overrideSharedPreferences":{},"packageNameCheckWorkaround":false,"palmRejectionWidthPercentage":0,"passwordProtectApp":false,"penButtonPressedEventAction":"NONE","penDetachedEventAction":"NONE","penInsertedEventAction":"NONE","persistentApp":false,"persistentAppAccessibilityService":false,"persistentClipboard":false,"pictureInPictureKeyCode":0,"pictureInPictureLongPress":false,"pictureInPictureNotification":false,"pictureInPictureSupport":false,"popupBlocker":false,"powerConnectedEventAction":"NONE","powerDisconnectedEventAction":"NONE","powerEventsDockUndockEvents":false,"preserveExpansionFiles":false,"pressBackAgainToExit":false,"preventAppFromChangingVolume":false,"preventImmersiveMode":false,"preventScreenshots":false,"privateClipboard":false,"promptKeepAppDataOnUninstall":false,"randomAndroidId":false,"randomizeBuildProps":true,"redirectExternalStorage":false,"remoteWelcomeMessageBlock":false,"removeAppClonerBranding":false,"removeLauncherIcon":false,"removeLauncherIconShortcuts":false,"removeNotificationActions":false,"removeNotificationIcon":false,"removeNotificationPeople":false,"removePermissions":[],"replaceLauncherIcon":false,"replaceLauncherIconKeepImageSize":false,"replaceNotificationIcon":false,"requestAllPermissions":false,"requestIgnoreBatteryOptimizations":false,"restoreAppDataOnEveryStart":false,"restoreAutoRotateOnExit":false,"restoreBluetoothStateOnExit":false,"restoreBrightnessOnExit":false,"restoreInterruptionFilterOnExit":false,"restoreWifiStateOnExit":false,"rotationLock":"NONE","rtlSupport":"NO_CHANGE","safeMode":true,"saveImagesToGallery":false,"saveImagesToGalleryMaxHeight":0,"saveImagesToGalleryMaxWidth":0,"saveImagesToGalleryScaleType":"CENTER_CROP","screenSaverDelayMinutes":0,"screenSaverExitApp":false,"screenSaverMuteVolume":false,"screenTextReplacements":[],"selectAllOnFocus":false,"setClipboardDataOnStart":"","shakeAction":"NONE","shakeSensitivity":"NORMAL","showAppInfoNotification":false,"showInPowerMenu":false,"showIpInfo":false,"showNotificationTime":false,"showOnLockScreen":false,"showOnSecondaryDisplay":false,"showOnSecondaryDisplayActivitiesNames":[],"showToastsAsNotifications":false,"showTouches":false,"signAsSystemApp":false,"simpleNotifications":false,"singleNotificationGroup":false,"singleProcess":false,"skipDialogsStrings":[],"skipNativeLibraries":true,"sneezeToExitThreshold":0,"socksProxy":false,"socksProxyList":[],"socksProxyPort":1080,"splashScreen":false,"splashScreenBackgroundColor":-1,"splashScreenDuration":3,"splashScreenMargin":0.3,"spoofLocationInterval":10,"spoofLocationUseIpLocation":false,"spoofRandomLocation":false,"startForOutgoingCall":[],"startSound":false,"stealthMode":false,"stealthModeUseFingerprint":false,"stethoSupport":false,"stringsProperties":{"disable_all_networking_disabled_message":"Networking disabled.","no_background_services_stopped_message":"Stopped %s background services.","volume_control_indicator_toast_message":"Volume: %d","disable_mobile_data_notification_title":"Mobile data disabled","disable_mobile_data_notification_message":"Touch to enable mobile data for %s.","force_device_lock_message3":"\u003cp dir\u003d\"ltr\"\u003eTo clone an app specifically for this device use the \u003cb\u003eDevice lock\u003c/b\u003e option with identifier \u003cb\u003e%s\u003c/b\u003e.\u003c/p\u003e\n","permission_not_granted_message":"Permission was not granted.","app_data_export_label":"Export app data","force_device_lock_message2":"Please use App Cloner to recreate the clone on this target device.","force_device_lock_message1":"This helps to prevent abuse and redistribution of cloned apps.","common_google_play_services_notification_ticker":"Google Play services error","allow_sharing_images_sharing_title":"Share image","joystick_pointer_shown_message":"Joystick pointer shown.","incognito_mode_notification_message":"Close incognito app.","force_device_lock_message4":"Clones created with the giant donation may still be installed on different target devices.","disable_all_networking_enabled_message":"Networking enabled.","disable_networking_without_vpn_disabled_message":"VPN inactive.\nNetworking disabled for %s.","image_saved_to_gallery_message":"Image saved to gallery.","job_scheduling_interval":"Interval: %d s","allow_text_selection_disabled_message":"Text selection disabled.","message_copied_message":"Message copied.","disable_networking_without_vpn_enabled_message":"VPN active.\nNetworking enabled for %s.","confirm_exit_app_message":"Are you sure you want to exit %s?","force_device_lock_qr_code_error_message":"Failed to generate the QR code. Make sure you have a working internet connection.","new_identity_notification_message":"Tap to quit the app and generate a new identity.","clipboard_timeout_cleared_message":"Clipboard cleared.","mute_on_start_muted_error_message":"Failed to mute.","block_activities_blocked_message":"Activity blocked","job_scheduling_notification_title":"Job scheduled","app_data_import_error_message":"Failed to import app data.","app_data_import_label":"Import app data","press_back_again_to_exit_toast_message":"Press Back again to exit the app.","show_ip_info_your_ip_message":"Your IP is %s","freeze_time_unfreeze_notification_title":"Tap to unfreeze time.","fake_camera_use_picture_message":"Tap the shutter button to use the selected picture.","gps_joystick_temporarily_hidden_message":"GPS joystick temporarily hidden.","disable_mobile_data_dialog_message":"Mobile data was enabled for %s.","show_ip_info_your_ip_error_message":"Failed to get IP address.","view_enabled_message":"View enabled.","bring_app_to_front_label":"Bring app to front","popup_blocker_popup_blocked_message":"Tap to open the page at %s anyway.","job_scheduling_delay":"Delay: %d s","new_identity_title":"New identity","check_internet_connection_message":"Please check your internet connection.","fake_camera_rotate_left_label":"Rotate ↺","allow_text_selection_enabled_message":"Text selection enabled. Double-tap to select.","freeze_time_freeze_notification_title":"Tap to freeze time.","label_message":"Message","joystick_pointer_hidden_message":"Joystick pointer hidden.","label_copy_identifier":"Copy identifier","popup_blocker_popup_blocked_title":"Popup blocked","app_data_export_success_message":"Successfully exported app data.","label_dont_show_again":"Don\u0027t show again","app_data_status_preparing_files":"Preparing files…","allow_sharing_images_sharing_error_message":"Failed to share image.","common_google_play_services_install_title":"Get Google Play services","block_activities_showing_message":"Showing activity","app_data_import_success_message":"Successfully imported app data.","app_data_export_error_message":"Failed to export app data.","hosts_mapper_mapped_notification_title":"Host mapped","message_pasted_message":"Message pasted.","label_name":"Name","allow_sharing_images_sharing_message":"Sharing image…","mute_on_start_muted_message":"Muted.","disable_mobile_data_dialog_title":"Mobile data enabled","auto_scroller_scrolling_stopped_message":"Scrolling stopped.","label_show_app_info":"Show app info","kiosk_mode_notification_message":"Touch to start kiosk mode.","app_data_status_importing_files":"Importing files…","allow_text_selection_enabled_error_message":"Failed to enable text selection.","label_show_all":"Show all","gps_joystick_location_title":"GPS joystick location","gps_joystick_copy_location_label":"Copy location","force_device_lock_title":"Clones are device-locked","disable_share_actions_disabled_message":"Share actions disabled.","text_copied_message":"Text copied.","fake_camera_select_picture_message":"Touch to select picture.","mute_on_start_unmuted_error_message":"Failed to un-mute.","fake_camera_title":"Fake camera","gps_joystick_location_copied_message":"Location copied.","hosts_mapper_not_mapped_notification_title":"Host not mapped","spoof_location_failed_to_get_ip_location_message":"Failed to get IP location.","image_saved_to_gallery_error_message":"Failed to save image to gallery.","job_scheduling_blocked_notification_title":"Job scheduling blocked","force_device_lock_message3b":"\u003cp dir\u003d\"ltr\"\u003eTo clone an app specifically for this device use the \u003cb\u003eDevice lock\u003c/b\u003e option and scan the QR code.\u003c/p\u003e\n","mute_on_start_unmuted_message":"Un-muted.","fake_camera_rotate_right_label":"Rotate ↻","app_data_status_exporting_files":"Exporting files…","minimize_on_back_app_minimized_message":"App minimized."},"swipeToGoBack":false,"swipeToGoBackBorder":"LEFT","swipeToGoBackDirection":"RIGHT","swipeToGoBackDoubleBack":false,"targetSdkVersion":0,"taskerStartTaskName":"","taskerStopTaskName":"","toCloneNumber":1,"toastDuration":"NO_CHANGE","toastFilter":"","toastHorizontalAlignment":"CENTER","toastOpacity":1.0,"toastPosition":false,"toastVerticalAlignment":"BOTTOM","toolbarColorUseStatusBarColor":false,"transparentNavigationBar":false,"trustAllCertificates":false,"twitterLoginBehavior":"WEB_ONLY","useAndHook":false,"versionCode":0,"viewModifications":[],"volumeControlIndicator":"NO_CHANGE","volumeControlIndicatorStep":1,"volumeDownKeyAction":"NONE","volumeRockerLocker":"NONE","volumeUpDownKeyAction":"NONE","volumeUpKeyAction":"NONE","waitForDebugger":false,"webViewCustomScript":"","webViewTextZoom":1.0,"welcomeMessageDelay":2000,"welcomeMessageMode":"DIALOG","welcomeMessageShowDialogAlways":false,"wideColorGamut":false,"xmlResourceEditor":false,"zoomableImageViews":false,"zoomableImageViewsMaxScale":3.0}