{"Fid":"cykJj3ffTyOXkyY-hXx248","Status":3,"AuthToken":"eyJhbGciOiJFUzI1NiIsInR5cCI6IkpXVCJ9.eyJhcHBJZCI6IjE6MTA2ODY0MzcyMDc5MTphbmRyb2lkOjBhMGQzYjA4ZWMxNTg1YzYiLCJleHAiOjE3NjIxMDg3NzMsImZpZCI6ImN5a0pqM2ZmVHlPWGt5WS1oWHgyNDgiLCJwcm9qZWN0TnVtYmVyIjoxMDY4NjQzNzIwNzkxfQ.AB2LPV8wRQIhAOKjwniarotmt_M8-IiUoHeM6lc3QwU8DV8EBCgipBJIAiAbYvTspHKwA5FObFUceWPjdiw9kLi9XNQwW8vRTlgivw","RefreshToken":"3_AS3qfwJNGRO_Qctfq9VwjH8wGzJTVDO5Dv9R0Jpze1HdweyHboq_8icw3XjMGsDtmEcWbEFS9DT7fp3o1cJI6wbq_982YSPuKCOcx8pXgpkgZ9Y","TokenCreationEpochInSecs":1761503974,"ExpiresInSecs":604800}