{"Fid":"faS9jsLgR2SbNTHXdpgg-i","Status":3,"AuthToken":"eyJhbGciOiJFUzI1NiIsInR5cCI6IkpXVCJ9.eyJhcHBJZCI6IjE6NDk0NTk3NDQ1MDE0OmFuZHJvaWQ6Nzc5ZDc5Zjc1MTgzYmY2NSIsImV4cCI6MTc2MDYzMTM1NCwiZmlkIjoiZmFTOWpzTGdSMlNiTlRIWGRwZ2ctaSIsInByb2plY3ROdW1iZXIiOjQ5NDU5NzQ0NTAxNH0.AB2LPV8wRQIhAN6PWHVMpL1XsEqJSnWjZcrdOrO3-Gz6HzKWkHr4HPI-AiARGFi9tHrdsIlQ83T5xn9C5PtgyflKRbDU-3PTf24JMg","RefreshToken":"3_AS3qfwKNX9EWHs5vuAKHm6Pi3yspFrmYaM5O66nmnnV-vgBYXmswTnpeO2ybT2WiBnHb7RupnKjWB357J-ttLfGwCi_tkk3xBCi7vhyWve2B07o","TokenCreationEpochInSecs":1760026552,"ExpiresInSecs":604800}