{"Fid":"dY9tx3weSA6-XuakXXGbya","Status":3,"AuthToken":"eyJhbGciOiJFUzI1NiIsInR5cCI6IkpXVCJ9.eyJhcHBJZCI6IjE6NDk0NTk3NDQ1MDE0OmFuZHJvaWQ6Nzc5ZDc5Zjc1MTgzYmY2NSIsImV4cCI6MTc2MDQ2NzI2OCwiZmlkIjoiZFk5dHgzd2VTQTYtWHVha1hYR2J5YSIsInByb2plY3ROdW1iZXIiOjQ5NDU5NzQ0NTAxNH0.AB2LPV8wRQIgaXCr1Ygyu9AqQaB-0TGq2GSQ8AdOnFj5BUxezcLHvggCIQDjslDC-J3bh82lK7KL0gUMPmGNKYyj_05QrRbZ6wbNdw","RefreshToken":"3_AS3qfwJhjh8R_tCawxY8glPox602hNwXdzJ34KqH7EC46N3rQfWFUx42CEVRMsLP_0t3FxA4WfFHixt8ceLuZsrKpOAI94cUlngsCE81x3LxVDc","TokenCreationEpochInSecs":1759862468,"ExpiresInSecs":604800}