{"Fid":"eEuEcTebQoiX1t-oTElKfS","Status":3,"AuthToken":"eyJhbGciOiJFUzI1NiIsInR5cCI6IkpXVCJ9.eyJhcHBJZCI6IjE6MTA2ODY0MzcyMDc5MTphbmRyb2lkOjBhMGQzYjA4ZWMxNTg1YzYiLCJleHAiOjE3NjIzNTc4NTIsImZpZCI6ImVFdUVjVGViUW9pWDF0LW9URWxLZlMiLCJwcm9qZWN0TnVtYmVyIjoxMDY4NjQzNzIwNzkxfQ.AB2LPV8wRQIhANbTH5T6Ku4hW5cWwl0AE1EzbW7ZxgvOhbn7sykfpCquAiAXLv3BJLelkwTBADj3Hjva3-aQGplMQ26sZB1HyDIveQ","RefreshToken":"3_AS3qfwI24h0aOCFPXljsHAcuFByGkSYzGwiXyDv818XBlnnVWiqSBqlr7X65MIFIJ-8jmjs36UAbmuUUJuEwR8XIj41-xu8y53mML4OrSJSI4Es","TokenCreationEpochInSecs":1761753052,"ExpiresInSecs":604800}