{"Fid":"e2J-i_Y3T1qIfJnbxE13Mz","Status":3,"AuthToken":"eyJhbGciOiJFUzI1NiIsInR5cCI6IkpXVCJ9.eyJhcHBJZCI6IjE6MTA2ODY0MzcyMDc5MTphbmRyb2lkOjBhMGQzYjA4ZWMxNTg1YzYiLCJleHAiOjE3NjI0NDIyNjksImZpZCI6ImUySi1pX1kzVDFxSWZKbmJ4RTEzTXoiLCJwcm9qZWN0TnVtYmVyIjoxMDY4NjQzNzIwNzkxfQ.AB2LPV8wRAIgFJEpZbbKW_sDy4vI-FuAMDR3bqDRrI2IXtx-k4j-vygCIB2fwnIb7C0gGq3ISdiF2FNf9y2OTSmrHvVrukdn1BSi","RefreshToken":"3_AS3qfwJ9MT31EFwhkZyXaawNLAGcKqWOikku61wSJsQ4eVJ-RsbPodMWz1BTde3XpLbbdBtkWxJZxT5s0VVrlwJG6PqYUmBWu25SgUY9KTyWqAA","TokenCreationEpochInSecs":1761837469,"ExpiresInSecs":604800}