{"Fid":"ckBFaiifR3OTxmkkalmjB7","Status":3,"AuthToken":"eyJhbGciOiJFUzI1NiIsInR5cCI6IkpXVCJ9.eyJhcHBJZCI6IjE6NDk0NTk3NDQ1MDE0OmFuZHJvaWQ6Nzc5ZDc5Zjc1MTgzYmY2NSIsImV4cCI6MTc2MDYzNDMyOSwiZmlkIjoiY2tCRmFpaWZSM09UeG1ra2FsbWpCNyIsInByb2plY3ROdW1iZXIiOjQ5NDU5NzQ0NTAxNH0.AB2LPV8wRQIgKWHyyJyKPk2RzAqhiXGb48zfoyxuhq4LoPvqSf5LVNQCIQCjF5Q6uvOdaKnmjKwJLdY6aTErozVIkdynMwchtYy-jQ","RefreshToken":"3_AS3qfwJyCqY7AMcLn3PDRrqbjZLAm3PxsOn8coAdAf27guHWLcyV4VSm-q4hbvjfKZGBnR0-h2L5NmPzTPjsutX6CZb3-2y07krLrFtlNsRBaQ","TokenCreationEpochInSecs":1760029527,"ExpiresInSecs":604800}