{"Fid":"dNogGeQ9SrC-y2hY7863SR","Status":3,"AuthToken":"eyJhbGciOiJFUzI1NiIsInR5cCI6IkpXVCJ9.eyJhcHBJZCI6IjE6MTA2ODY0MzcyMDc5MTphbmRyb2lkOjBhMGQzYjA4ZWMxNTg1YzYiLCJleHAiOjE3NjIzNTg5MjksImZpZCI6ImROb2dHZVE5U3JDLXkyaFk3ODYzU1IiLCJwcm9qZWN0TnVtYmVyIjoxMDY4NjQzNzIwNzkxfQ.AB2LPV8wRQIhAMPVqrnP1U0B9qBIMHZzHSUjSR9iW3n5_JP0MXfzenjNAiBrmUQFTU5fPQ_j-0CpxpzkkhymuGosvwHcYWfc_p6FKQ","RefreshToken":"3_AS3qfwJAayS6U6viSer07_FACjOOkokF3ElxU3i8n3PJgrNAD22V2PQ3BNuV3KPCjaTAnxq_rYAPObdXBTgNxVd3adXin4ul4mPeb_JN_jX0XqA","TokenCreationEpochInSecs":1761754129,"ExpiresInSecs":604800}