{"Fid":"fg9LI_FjSZC72tKkIHIcdz","Status":3,"AuthToken":"eyJhbGciOiJFUzI1NiIsInR5cCI6IkpXVCJ9.eyJhcHBJZCI6IjE6NDk0NTk3NDQ1MDE0OmFuZHJvaWQ6Nzc5ZDc5Zjc1MTgzYmY2NSIsImV4cCI6MTc2MDc0NjEzNSwiZmlkIjoiZmc5TElfRmpTWkM3MnRLa0lISWNkeiIsInByb2plY3ROdW1iZXIiOjQ5NDU5NzQ0NTAxNH0.AB2LPV8wRgIhAOTgSxyGUx_IdMz0ANXZXe24_cMGBtj9gOkUaQ5c_FybAiEA62DBYuCeBg6ESIA4_I2wUBSTDTfKe_v8nE2QtS5sTDk","RefreshToken":"3_AS3qfwIrt69Z6Bo0M4rPfFjTDeKfdp46CTJC6Kn3fKiq7SITFB6QZip6lxfxtGGXXFjHcqT9XsXla9IIVjANhFZtRmc5lKeVEakEUksA0ynpJjY","TokenCreationEpochInSecs":1760141334,"ExpiresInSecs":604800}