{"Fid":"dj3-u8OXQWqVUUNA6xv8uM","Status":3,"AuthToken":"eyJhbGciOiJFUzI1NiIsInR5cCI6IkpXVCJ9.eyJhcHBJZCI6IjE6MTA2ODY0MzcyMDc5MTphbmRyb2lkOjBhMGQzYjA4ZWMxNTg1YzYiLCJleHAiOjE3NjIzNjkwNDksImZpZCI6ImRqMy11OE9YUVdxVlVVTkE2eHY4dU0iLCJwcm9qZWN0TnVtYmVyIjoxMDY4NjQzNzIwNzkxfQ.AB2LPV8wRQIgfCOusWcKvnWk2c7I10vm0KDdFnz43jsrOWc3J8Bwt0cCIQD_LNTaZ6xaiov8QfQS394B3ZXVR-eX6uELHWxRGDpDew","RefreshToken":"3_AS3qfwLOr19tp1Rm9pOQ5KSmm3zsi3w2O-dZvLEyvTwcVNbV-dBw7g5Xf-dSI2ykpaEwOq3vc6RpYJefuJwLwmFRsNI6v8BHYDds1F5h5cFVJw","TokenCreationEpochInSecs":1761764249,"ExpiresInSecs":604800}