{"Fid":"cWOMLLfqQ4GPLV2MOccUdk","Status":3,"AuthToken":"eyJhbGciOiJFUzI1NiIsInR5cCI6IkpXVCJ9.eyJhcHBJZCI6IjE6MTA2ODY0MzcyMDc5MTphbmRyb2lkOjBhMGQzYjA4ZWMxNTg1YzYiLCJleHAiOjE3NjIxMTE1NDUsImZpZCI6ImNXT01MTGZxUTRHUExWMk1PY2NVZGsiLCJwcm9qZWN0TnVtYmVyIjoxMDY4NjQzNzIwNzkxfQ.AB2LPV8wRQIgE1ddXxWYC3YftEpxlFqfmiijMqKHcmjSQQf0J45WM3sCIQCLGBIGxUoX7gVX5qN8l-enohWqVA6ppzduv2Hwmc5KWQ","RefreshToken":"3_AS3qfwIMTZbwo6SzWMftoPCU3O3nfFx1HXepkR0yrzoWcfy6uHSIV1HMaR0GTLI6HFaD-WCp9R_lxFpkYw0OPdXGdZlqIeTUtdk8sNsOUtzWP-Y","TokenCreationEpochInSecs":1761506745,"ExpiresInSecs":604800}