{"Fid":"es1LdEpjl7d4jonpfHvfO-","Status":3,"AuthToken":"eyJhbGciOiJFUzI1NiIsInR5cCI6IkpXVCJ9.eyJhcHBJZCI6IjE6MTA2ODY0MzcyMDc5MTphbmRyb2lkOjBhMGQzYjA4ZWMxNTg1YzYiLCJleHAiOjE3NjIzNzEyMTQsImZpZCI6ImVzMUxkRXBqbDdkNGpvbnBmSHZmTy0iLCJwcm9qZWN0TnVtYmVyIjoxMDY4NjQzNzIwNzkxfQ.AB2LPV8wRQIhAL_WwqgdaldH1bYKYXnWf7hkk584v3xkTPhn46wUhPMSAiAXNvbR5L3aT_2oZTWcp0RkwThsSGZn-TdL08pVNF415g","RefreshToken":"3_AS3qfwItHJ36ipxPrbZSw8IVopOvJVctJK9TU0j6STXyNqfEG3YnegtEF3LD2ynAQPS6F-usfTTWKF0xqZl_TccrKx32FEYWOVNPRflJDYQMBTs","TokenCreationEpochInSecs":1761766414,"ExpiresInSecs":604800,"FisError":"BAD CONFIG"}