{"Fid":"e4IRKplSSp61hiwCq4wyW3","Status":3,"AuthToken":"eyJhbGciOiJFUzI1NiIsInR5cCI6IkpXVCJ9.eyJhcHBJZCI6IjE6MzU0ODAwNjQ1MzI5OmFuZHJvaWQ6NGM2NjY0NGY4NDc1MTUwYiIsImV4cCI6MTc2MTUxMjMwMywiZmlkIjoiZTRJUktwbFNTcDYxaGl3Q3E0d3lXMyIsInByb2plY3ROdW1iZXIiOjM1NDgwMDY0NTMyOX0.AB2LPV8wRgIhAPf-GolchFaAUAfEeVD7RjD4NfaRxaO9sXMpWJOOZh-1AiEAn4x73SaqulSqoe5GXqgMHq04rJ6zFrSmyabS2goEs9Q","RefreshToken":"3_AS3qfwK0A1tOPlhGAKlurVyyT8F3zq37MCAWcY6YMvfhEhxKgoKK5aWAUFc8LngabVmHHPE1JnNbROFATRyQvoUKfFE89Q6uvPaqnG63TuVjh34","TokenCreationEpochInSecs":1760907502,"ExpiresInSecs":604800}