{"Fid":"fDIGqXTjQPS2ISrDVbLaGv","Status":3,"AuthToken":"eyJhbGciOiJFUzI1NiIsInR5cCI6IkpXVCJ9.eyJhcHBJZCI6IjE6MzU0ODAwNjQ1MzI5OmFuZHJvaWQ6NGM2NjY0NGY4NDc1MTUwYiIsImV4cCI6MTc2MTUxMTE0MCwiZmlkIjoiZkRJR3FYVGpRUFMySVNyRFZiTGFHdiIsInByb2plY3ROdW1iZXIiOjM1NDgwMDY0NTMyOX0.AB2LPV8wRgIhAN8GrYiInmv_yNNANX7iCNi6sijxgJFKEKHghsqxqsEVAiEA2ZjAFrfQ_YeQwCjAW5uy3wc9PjN4prvTfcUEfO1lEW8","RefreshToken":"3_AS3qfwLmtF8Brg61S_dL45qeF-wG3X7kAIQtIyILLwDfS9dezYfVxtDGQJYSEtWU3cSmPOys6PD98d2uxfnAAOXD25GY6BDPTPrdwzBTM2xM1TM","TokenCreationEpochInSecs":1760906339,"ExpiresInSecs":604800}